{
    "key": "group_5d92d0d868359",
    "title": "Exonym - Mission Control",
    "fields": [
        {
            "key": "field_5d92d2258e793",
            "label": "Migration Management",
            "name": "",
            "type": "tab",
            "instructions": "",
            "required": 0,
            "conditional_logic": 0,
            "wrapper": {
                "width": "",
                "class": "",
                "id": ""
            },
            "placement": "top",
            "endpoint": 0
        },
        {
            "key": "field_5d92d31e8e794",
            "label": "URL Redirects",
            "name": "url_redirects",
            "type": "repeater",
            "instructions": "Manage links from old websites and make search engines happy. Leaving \"New Link\" blank will redirect the user to the home page.",
            "required": 0,
            "conditional_logic": 0,
            "wrapper": {
                "width": "",
                "class": "",
                "id": ""
            },
            "collapsed": "",
            "min": 0,
            "max": 0,
            "layout": "table",
            "button_label": "Add Redirect",
            "sub_fields": [
                {
                    "key": "field_5d92d3658e795",
                    "label": "Old Link",
                    "name": "old_link",
                    "type": "url",
                    "instructions": "",
                    "required": 1,
                    "conditional_logic": 0,
                    "wrapper": {
                        "width": "",
                        "class": "",
                        "id": ""
                    },
                    "default_value": "",
                    "placeholder": ""
                },
                {
                    "key": "field_5d92d3908e796",
                    "label": "New Link",
                    "name": "new_link",
                    "type": "link",
                    "instructions": "",
                    "required": 0,
                    "conditional_logic": 0,
                    "wrapper": {
                        "width": "",
                        "class": "",
                        "id": ""
                    },
                    "return_format": "url"
                },
                {
                    "key": "field_5d92d3ae8e797",
                    "label": "Status",
                    "name": "status",
                    "type": "select",
                    "instructions": "",
                    "required": 0,
                    "conditional_logic": 0,
                    "wrapper": {
                        "width": "",
                        "class": "",
                        "id": ""
                    },
                    "choices": {
                        "301": "301 (Permanently Moved)",
                        "307": "307 (Temporarily Moved)",
                        "404": "404 (Not Found)"
                    },
                    "default_value": [
                        301
                    ],
                    "allow_null": 0,
                    "multiple": 0,
                    "ui": 0,
                    "return_format": "value",
                    "ajax": 0,
                    "placeholder": ""
                }
            ]
        },
        {
            "key": "field_5d92ddb886e30",
            "label": "Code Injections",
            "name": "",
            "type": "tab",
            "instructions": "",
            "required": 0,
            "conditional_logic": 0,
            "wrapper": {
                "width": "",
                "class": "",
                "id": ""
            },
            "placement": "top",
            "endpoint": 0
        },
        {
            "key": "field_5d92ddc986e31",
            "label": "Inject Header",
            "name": "inject_header",
            "type": "textarea",
            "instructions": "Inject JS or other code that goes into the <code>&lt;head&gt;<\/code> section of every page.",
            "required": 0,
            "conditional_logic": 0,
            "wrapper": {
                "width": "",
                "class": "",
                "id": ""
            },
            "default_value": "",
            "placeholder": "",
            "maxlength": "",
            "rows": 16,
            "new_lines": ""
        },
        {
            "key": "field_5d92deae32361",
            "label": "Inject Footer",
            "name": "inject_footer",
            "type": "textarea",
            "instructions": "Inject JS or other code above the closing <code>&lt;\/body&gt;<\/code> tag on every page.",
            "required": 0,
            "conditional_logic": 0,
            "wrapper": {
                "width": "",
                "class": "",
                "id": ""
            },
            "default_value": "",
            "placeholder": "",
            "maxlength": "",
            "rows": 16,
            "new_lines": ""
        }
    ],
    "location": [
        [
            {
                "param": "options_page",
                "operator": "==",
                "value": "ex-missioncontrol"
            }
        ]
    ],
    "menu_order": 0,
    "position": "acf_after_title",
    "style": "seamless",
    "label_placement": "left",
    "instruction_placement": "label",
    "hide_on_screen": "",
    "active": 1,
    "description": "",
    "modified": 1569907331
}